{"cameraMode":{"drawMode":0,"name":"Shaded","section":"Shading Mode"},"sceneLighting":false,"audioPlay":false,"sceneViewState":{"showFog":true,"showMaterialUpdate":false,"showSkybox":false,"showFlares":true,"showImageEffects":true,"showParticleSystems":true},"in2DMode":false,"pivot":{"x":0.20771020650863648,"y":-0.8528542518615723,"z":-10.355158805847168},"rotation":{"x":-0.6496419310569763,"y":0.1434897929430008,"z":-0.12668614089488984,"w":-0.7357708215713501},"size":13.804699897766114,"orthographic":false}