{"cameraMode":{"drawMode":0,"name":"Shaded","section":"Shading Mode"},"sceneLighting":false,"audioPlay":false,"sceneViewState":{"showFog":true,"showMaterialUpdate":false,"showSkybox":false,"showFlares":true,"showImageEffects":true,"showParticleSystems":true},"in2DMode":false,"pivot":{"x":-0.15000003576278687,"y":0.0,"z":7.380000114440918},"rotation":{"x":0.49723726511001589,"y":0.1632777452468872,"z":-0.09588485956192017,"w":0.8467050790786743},"size":4.325116157531738,"orthographic":false}