{"cameraMode":{"drawMode":0,"name":"Shaded","section":"Shading Mode"},"sceneLighting":false,"audioPlay":false,"sceneViewState":{"showFog":true,"showMaterialUpdate":false,"showSkybox":false,"showFlares":true,"showImageEffects":true,"showParticleSystems":true},"in2DMode":false,"pivot":{"x":-0.5510568618774414,"y":0.05762290954589844,"z":-14.198545455932618},"rotation":{"x":0.47967201471328738,"y":-0.49017268419265749,"z":0.3780630826950073,"w":0.6218839287757874},"size":9.533226013183594,"orthographic":false}